timestamp,message
1623180924444,/usr/local/lib/python3.6/dist-packages/celery/platforms.py:801: RuntimeWarning: You're running the worker with superuser privileges: this is
1623180924444,absolutely not recommended!
1623180924444,Please specify a different user using the --uid option.
1623180924444,User information: uid=0 euid=0 gid=0 egid=0
1623180924444,"  uid=uid, euid=euid, gid=gid, egid=egid,"
1623180924578, 
1623180924578, -------------- workernote@ip-10-0-1-164.us-west-1.compute.internal v4.4.6 (cliffs)
1623180924578,--- ***** ----- 
1623180924578,-- ******* ---- Linux-4.14.231-173.361.amzn2.x86_64-x86_64-with-Ubuntu-18.04-bionic 2021-06-08 19:35:24
1623180924578,- *** --- * --- 
1623180924578,- ** ---------- [config]
1623180924578,- ** ---------- .> app:         service_note:0x7f1db0276748
1623180924578,- ** ---------- .> transport:   sqs://AKIAWKK3JBRLYERQUDOT:**@localhost//
1623180924578,- ** ---------- .> results:     disabled://
1623180924578,- *** --- * --- .> concurrency: 1 (prefork)
1623180924578,-- ******* ---- .> task events: OFF (enable -E to monitor tasks in this worker)
1623180924578,--- ***** ----- 
1623180924578, -------------- [queues]
1623180924578,                .> service_note_queue exchange=service_note_queue(direct) key=service_note_queue
1623180924578,                
1623180924578,[tasks]
1623180924578,  . service_note.celery.debug_task
1623180924578,  . service_note.task.process_note
1623180924938,"[2021-06-08 19:35:24,937: INFO/MainProcess] Connected to sqs://AKIAWKK3JBRLYERQUDOT:**@localhost//"
1623180925317,"[2021-06-08 19:35:25,317: INFO/MainProcess] workernote@ip-10-0-1-164.us-west-1.compute.internal ready."
1623181027458,"[2021-06-08 19:37:07,457: INFO/MainProcess] Received task: service_note.task.process_note[cd3ea5fc-78ad-4a0a-8f6d-d50eacee18e6]  "
1623181027571,"[2021-06-08 19:37:07,571: INFO/ForkPoolWorker-1] 1072530_JENNIE_FOSTER_09-26-1924_28821_12-18-2020.pdf | Start Text Correction.."
1623181066749,"[2021-06-08 19:37:46,749: INFO/ForkPoolWorker-1] 1072530_JENNIE_FOSTER_09-26-1924_28821_12-18-2020.pdf | Finished Text Correction in 39 seconds"
1623181066763,"[2021-06-08 19:37:46,763: INFO/ForkPoolWorker-1] 1072530_JENNIE_FOSTER_09-26-1924_28821_12-18-2020.pdf | Start of note_identify"
1623181066766,"[2021-06-08 19:37:46,766: INFO/ForkPoolWorker-1] Page No: 1 | Initiate dos extraction"
1623181066769,"[2021-06-08 19:37:46,769: INFO/ForkPoolWorker-1] Page No: 1 | Check for free floating date"
1623181066770,"[2021-06-08 19:37:46,770: INFO/ForkPoolWorker-1] Page No: 1 | Assigning last_encounter as dos: "
1623181066770,"[2021-06-08 19:37:46,770: INFO/ForkPoolWorker-1] Page No: 2 | Initiate dos extraction"
1623181066770,"[2021-06-08 19:37:46,770: INFO/ForkPoolWorker-1] Page No: 2 | Check for free floating date"
1623181066770,"[2021-06-08 19:37:46,770: INFO/ForkPoolWorker-1] Page No: 2 | Assigning last_encounter as dos: "
1623181066770,"[2021-06-08 19:37:46,770: INFO/ForkPoolWorker-1] Page No: 3 | Initiate dos extraction"
1623181066771,"[2021-06-08 19:37:46,770: INFO/ForkPoolWorker-1] Page No: 3 | Check for free floating date"
1623181066771,"[2021-06-08 19:37:46,771: INFO/ForkPoolWorker-1] Page No: 3 | Assigning last_encounter as dos: "
1623181066771,"[2021-06-08 19:37:46,771: INFO/ForkPoolWorker-1] Page No: 4 | Initiate dos extraction"
1623181066771,"[2021-06-08 19:37:46,771: INFO/ForkPoolWorker-1] Page No: 4 | Check for free floating date"
1623181066771,"[2021-06-08 19:37:46,771: INFO/ForkPoolWorker-1] Page No: 4 | Assigning last_encounter as dos: "
1623181066771,"[2021-06-08 19:37:46,771: INFO/ForkPoolWorker-1] Page No: 5 | Initiate dos extraction"
1623181066771,"[2021-06-08 19:37:46,771: INFO/ForkPoolWorker-1] Page No: 5 | Check for free floating date"
1623181066771,"[2021-06-08 19:37:46,771: INFO/ForkPoolWorker-1] Page No: 5 | Assigning last_encounter as dos: "
1623181066771,"[2021-06-08 19:37:46,771: INFO/ForkPoolWorker-1] Page No: 6 | Initiate dos extraction"
1623181066771,"[2021-06-08 19:37:46,771: INFO/ForkPoolWorker-1] Page No: 6 | Check for free floating date"
1623181066772,"[2021-06-08 19:37:46,771: INFO/ForkPoolWorker-1] Page No: 6 | Assigning last_encounter as dos: "
1623181066772,"[2021-06-08 19:37:46,772: INFO/ForkPoolWorker-1] Page No: 7 | Initiate dos extraction"
1623181066772,"[2021-06-08 19:37:46,772: INFO/ForkPoolWorker-1] Page No: 7 | Check for free floating date"
1623181066772,"[2021-06-08 19:37:46,772: INFO/ForkPoolWorker-1] Page No: 7 | Assigning last_encounter as dos: "
1623181066772,"[2021-06-08 19:37:46,772: INFO/ForkPoolWorker-1] Page No: 8 | Initiate dos extraction"
1623181066797,"[2021-06-08 19:37:46,796: INFO/ForkPoolWorker-1] Page No: 8 | Got dos from label: 01/04/2020"
1623181066798,"[2021-06-08 19:37:46,797: INFO/ForkPoolWorker-1] Page No: 9 | Initiate dos extraction"
1623181066798,"[2021-06-08 19:37:46,798: INFO/ForkPoolWorker-1] Page No: 9 | Check for free floating date"
1623181066798,"[2021-06-08 19:37:46,798: INFO/ForkPoolWorker-1] Page No: 9 | Assigning last_encounter as dos: 01/04/2020"
1623181066798,"[2021-06-08 19:37:46,798: INFO/ForkPoolWorker-1] Page No: 10 | Initiate dos extraction"
1623181066798,"[2021-06-08 19:37:46,798: INFO/ForkPoolWorker-1] Page No: 10 | Check for free floating date"
1623181066798,"[2021-06-08 19:37:46,798: INFO/ForkPoolWorker-1] Page No: 10 | Assigning last_encounter as dos: 01/04/2020"
1623181066798,"[2021-06-08 19:37:46,798: INFO/ForkPoolWorker-1] Page No: 11 | Initiate dos extraction"
1623181066799,"[2021-06-08 19:37:46,798: INFO/ForkPoolWorker-1] Page No: 11 | Check for free floating date"
1623181066799,"[2021-06-08 19:37:46,799: INFO/ForkPoolWorker-1] Page No: 11 | Assigning last_encounter as dos: 01/04/2020"
1623181066799,"[2021-06-08 19:37:46,799: INFO/ForkPoolWorker-1] Page No: 12 | Initiate dos extraction"
1623181066799,"[2021-06-08 19:37:46,799: INFO/ForkPoolWorker-1] Page No: 12 | Check for free floating date"
1623181066799,"[2021-06-08 19:37:46,799: INFO/ForkPoolWorker-1] Page No: 12 | Assigning last_encounter as dos: 01/04/2020"
1623181066799,"[2021-06-08 19:37:46,799: INFO/ForkPoolWorker-1] Page No: 13 | Initiate dos extraction"
1623181066800,"[2021-06-08 19:37:46,800: INFO/ForkPoolWorker-1] Page No: 13 | Got dos from label: 01/04/2020"
1623181066800,"[2021-06-08 19:37:46,800: INFO/ForkPoolWorker-1] Page No: 14 | Initiate dos extraction"
1623181066802,"[2021-06-08 19:37:46,801: INFO/ForkPoolWorker-1] Page No: 14 | Check for free floating date"
1623181066802,"[2021-06-08 19:37:46,802: INFO/ForkPoolWorker-1] Page No: 14 | Assigning last_encounter as dos: 01/04/2020"
1623181066802,"[2021-06-08 19:37:46,802: INFO/ForkPoolWorker-1] Page No: 15 | Initiate dos extraction"
1623181066803,"[2021-06-08 19:37:46,803: INFO/ForkPoolWorker-1] Page No: 15 | Check for free floating date"
1623181066803,"[2021-06-08 19:37:46,803: INFO/ForkPoolWorker-1] Page No: 15 | Assigning last_encounter as dos: 01/04/2020"
1623181066803,"[2021-06-08 19:37:46,803: INFO/ForkPoolWorker-1] Page No: 16 | Initiate dos extraction"
1623181066803,"[2021-06-08 19:37:46,803: INFO/ForkPoolWorker-1] Page No: 16 | Check for free floating date"
1623181066804,"[2021-06-08 19:37:46,804: INFO/ForkPoolWorker-1] Page No: 16 | Assigning last_encounter as dos: 01/04/2020"
1623181066804,"[2021-06-08 19:37:46,804: INFO/ForkPoolWorker-1] Page No: 17 | Initiate dos extraction"
1623181066804,"[2021-06-08 19:37:46,804: INFO/ForkPoolWorker-1] Page No: 17 | Check for free floating date"
1623181066804,"[2021-06-08 19:37:46,804: INFO/ForkPoolWorker-1] Page No: 17 | Assigning last_encounter as dos: 01/04/2020"
1623181066804,"[2021-06-08 19:37:46,804: INFO/ForkPoolWorker-1] Page No: 18 | Initiate dos extraction"
1623181066804,"[2021-06-08 19:37:46,804: INFO/ForkPoolWorker-1] Page No: 18 | Check for free floating date"
1623181066804,"[2021-06-08 19:37:46,804: INFO/ForkPoolWorker-1] Page No: 18 | Assigning last_encounter as dos: 01/04/2020"
1623181066804,"[2021-06-08 19:37:46,804: INFO/ForkPoolWorker-1] Page No: 19 | Initiate dos extraction"
1623181066805,"[2021-06-08 19:37:46,804: INFO/ForkPoolWorker-1] Page No: 19 | Check for free floating date"
1623181066805,"[2021-06-08 19:37:46,805: INFO/ForkPoolWorker-1] Page No: 19 | Assigning last_encounter as dos: 01/04/2020"
1623181066805,"[2021-06-08 19:37:46,805: INFO/ForkPoolWorker-1] Page No: 20 | Initiate dos extraction"
1623181066805,"[2021-06-08 19:37:46,805: INFO/ForkPoolWorker-1] Page No: 20 | Check for free floating date"
1623181066806,"[2021-06-08 19:37:46,805: INFO/ForkPoolWorker-1] Page No: 20 | Found Header: reason for visit"
1623181066807,"[2021-06-08 19:37:46,807: INFO/ForkPoolWorker-1] Page No: 20 | dates1: []"
1623181066807,"[2021-06-08 19:37:46,807: INFO/ForkPoolWorker-1] Page No: 20 | dates2: []"
1623181066807,"[2021-06-08 19:37:46,807: INFO/ForkPoolWorker-1] Page No: 20 | free_floating_date_sentence: None"
1623181066807,"[2021-06-08 19:37:46,807: INFO/ForkPoolWorker-1] Page No: 20 | Assigning last_encounter as dos: 01/04/2020"
1623181066807,"[2021-06-08 19:37:46,807: INFO/ForkPoolWorker-1] Page No: 21 | Initiate dos extraction"
1623181066807,"[2021-06-08 19:37:46,807: INFO/ForkPoolWorker-1] Page No: 21 | Check for free floating date"
1623181066807,"[2021-06-08 19:37:46,807: INFO/ForkPoolWorker-1] Page No: 21 | Assigning last_encounter as dos: 01/04/2020"
1623181066807,"[2021-06-08 19:37:46,807: INFO/ForkPoolWorker-1] Page No: 22 | Initiate dos extraction"
1623181066807,"[2021-06-08 19:37:46,807: INFO/ForkPoolWorker-1] Page No: 22 | Check for free floating date"
1623181066807,"[2021-06-08 19:37:46,807: INFO/ForkPoolWorker-1] Page No: 22 | Assigning last_encounter as dos: 01/04/2020"
1623181066808,"[2021-06-08 19:37:46,807: INFO/ForkPoolWorker-1] Page No: 23 | Initiate dos extraction"
1623181066808,"[2021-06-08 19:37:46,808: INFO/ForkPoolWorker-1] Page No: 23 | Check for free floating date"
1623181066808,"[2021-06-08 19:37:46,808: INFO/ForkPoolWorker-1] Page No: 23 | Assigning last_encounter as dos: 01/04/2020"
1623181066808,"[2021-06-08 19:37:46,808: INFO/ForkPoolWorker-1] Page No: 24 | Initiate dos extraction"
1623181066808,"[2021-06-08 19:37:46,808: INFO/ForkPoolWorker-1] Page No: 24 | Check for free floating date"
1623181066808,"[2021-06-08 19:37:46,808: INFO/ForkPoolWorker-1] Page No: 24 | Assigning last_encounter as dos: 01/04/2020"
1623181066808,"[2021-06-08 19:37:46,808: INFO/ForkPoolWorker-1] Page No: 25 | Initiate dos extraction"
1623181066809,"[2021-06-08 19:37:46,809: INFO/ForkPoolWorker-1] Page No: 25 | Check for free floating date"
1623181066809,"[2021-06-08 19:37:46,809: INFO/ForkPoolWorker-1] Page No: 25 | Assigning last_encounter as dos: 01/04/2020"
1623181066809,"[2021-06-08 19:37:46,809: INFO/ForkPoolWorker-1] Page No: 26 | Initiate dos extraction"
1623181066810,"[2021-06-08 19:37:46,810: INFO/ForkPoolWorker-1] Page No: 26 | Check for free floating date"
1623181066810,"[2021-06-08 19:37:46,810: INFO/ForkPoolWorker-1] Page No: 26 | Assigning last_encounter as dos: 01/04/2020"
1623181066810,"[2021-06-08 19:37:46,810: INFO/ForkPoolWorker-1] Page No: 27 | Initiate dos extraction"
1623181066810,"[2021-06-08 19:37:46,810: INFO/ForkPoolWorker-1] Page No: 27 | Check for free floating date"
1623181066810,"[2021-06-08 19:37:46,810: INFO/ForkPoolWorker-1] Page No: 27 | Assigning last_encounter as dos: 01/04/2020"
1623181066810,"[2021-06-08 19:37:46,810: INFO/ForkPoolWorker-1] Page No: 28 | Initiate dos extraction"
1623181066810,"[2021-06-08 19:37:46,810: INFO/ForkPoolWorker-1] Page No: 28 | Check for free floating date"
1623181066810,"[2021-06-08 19:37:46,810: INFO/ForkPoolWorker-1] Page No: 28 | Assigning last_encounter as dos: 01/04/2020"
1623181066810,"[2021-06-08 19:37:46,810: INFO/ForkPoolWorker-1] Page No: 29 | Initiate dos extraction"
1623181066811,"[2021-06-08 19:37:46,811: INFO/ForkPoolWorker-1] Page No: 29 | Check for free floating date"
1623181066811,"[2021-06-08 19:37:46,811: INFO/ForkPoolWorker-1] Page No: 29 | Found Header: office visit"
1623181066811,"[2021-06-08 19:37:46,811: INFO/ForkPoolWorker-1] Page No: 29 | dates1: ['05/00/2019']"
1623181066811,"[2021-06-08 19:37:46,811: INFO/ForkPoolWorker-1] Page No: 29 | dates2: ['05/00/2019']"
1623181066811,"[2021-06-08 19:37:46,811: INFO/ForkPoolWorker-1] Page No: 29 | free_floating_date_sentence: None"
1623181066811,"[2021-06-08 19:37:46,811: INFO/ForkPoolWorker-1] Page No: 29 | Assigning last_encounter as dos: 01/04/2020"
1623181066811,"[2021-06-08 19:37:46,811: INFO/ForkPoolWorker-1] Page No: 30 | Initiate dos extraction"
1623181066812,"[2021-06-08 19:37:46,812: INFO/ForkPoolWorker-1] Page No: 30 | Check for free floating date"
1623181066812,"[2021-06-08 19:37:46,812: INFO/ForkPoolWorker-1] Page No: 30 | Assigning last_encounter as dos: 01/04/2020"
1623181066812,"[2021-06-08 19:37:46,812: INFO/ForkPoolWorker-1] Page No: 31 | Initiate dos extraction"
1623181066812,"[2021-06-08 19:37:46,812: INFO/ForkPoolWorker-1] Page No: 31 | Check for free floating date"
1623181066812,"[2021-06-08 19:37:46,812: INFO/ForkPoolWorker-1] Page No: 31 | Assigning last_encounter as dos: 01/04/2020"
1623181066812,"[2021-06-08 19:37:46,812: INFO/ForkPoolWorker-1] Page No: 32 | Initiate dos extraction"
1623181066812,"[2021-06-08 19:37:46,812: INFO/ForkPoolWorker-1] Page No: 32 | Check for free floating date"
1623181066812,"[2021-06-08 19:37:46,812: INFO/ForkPoolWorker-1] Page No: 32 | Assigning last_encounter as dos: 01/04/2020"
1623181066812,"[2021-06-08 19:37:46,812: INFO/ForkPoolWorker-1] Page No: 33 | Initiate dos extraction"
1623181066813,"[2021-06-08 19:37:46,813: INFO/ForkPoolWorker-1] Page No: 33 | Check for free floating date"
1623181066814,"[2021-06-08 19:37:46,814: INFO/ForkPoolWorker-1] Page No: 33 | Found Header: history of present"
1623181066814,"[2021-06-08 19:37:46,814: INFO/ForkPoolWorker-1] Page No: 33 | dates1: []"
1623181066814,"[2021-06-08 19:37:46,814: INFO/ForkPoolWorker-1] Page No: 33 | dates2: []"
1623181066815,"[2021-06-08 19:37:46,815: INFO/ForkPoolWorker-1] Page No: 33 | free_floating_date_sentence: None"
1623181066815,"[2021-06-08 19:37:46,815: INFO/ForkPoolWorker-1] Page No: 33 | Assigning last_encounter as dos: 01/04/2020"
1623181066815,"[2021-06-08 19:37:46,815: INFO/ForkPoolWorker-1] Page No: 34 | Initiate dos extraction"
1623181066815,"[2021-06-08 19:37:46,815: INFO/ForkPoolWorker-1] Page No: 34 | Check for free floating date"
1623181066815,"[2021-06-08 19:37:46,815: INFO/ForkPoolWorker-1] Page No: 34 | Assigning last_encounter as dos: 01/04/2020"
1623181066815,"[2021-06-08 19:37:46,815: INFO/ForkPoolWorker-1] Page No: 35 | Initiate dos extraction"
1623181066816,"[2021-06-08 19:37:46,815: INFO/ForkPoolWorker-1] Page No: 35 | Check for free floating date"
1623181066816,"[2021-06-08 19:37:46,816: INFO/ForkPoolWorker-1] Page No: 35 | Assigning last_encounter as dos: 01/04/2020"
1623181066816,"[2021-06-08 19:37:46,816: INFO/ForkPoolWorker-1] Page No: 36 | Initiate dos extraction"
1623181066816,"[2021-06-08 19:37:46,816: INFO/ForkPoolWorker-1] Page No: 36 | Check for free floating date"
1623181066816,"[2021-06-08 19:37:46,816: INFO/ForkPoolWorker-1] Page No: 36 | Assigning last_encounter as dos: 01/04/2020"
1623181066816,"[2021-06-08 19:37:46,816: INFO/ForkPoolWorker-1] Page No: 37 | Initiate dos extraction"
1623181066816,"[2021-06-08 19:37:46,816: INFO/ForkPoolWorker-1] Page No: 37 | Check for free floating date"
1623181066817,"[2021-06-08 19:37:46,817: INFO/ForkPoolWorker-1] Page No: 37 | Assigning last_encounter as dos: 01/04/2020"
1623181066817,"[2021-06-08 19:37:46,817: INFO/ForkPoolWorker-1] Page No: 38 | Initiate dos extraction"
1623181066817,"[2021-06-08 19:37:46,817: INFO/ForkPoolWorker-1] Page No: 38 | Check for free floating date"
1623181066818,"[2021-06-08 19:37:46,818: INFO/ForkPoolWorker-1] Page No: 38 | Found Header: history of present"
1623181066818,"[2021-06-08 19:37:46,818: INFO/ForkPoolWorker-1] Page No: 38 | dates1: ['15 mcg-21', '06/01/2020', '09/26/1924']"
1623181066818,"[2021-06-08 19:37:46,818: INFO/ForkPoolWorker-1] Page No: 38 | dates2: ['15 mcg-21', '06/01/2020']"
1623181066819,"[2021-06-08 19:37:46,819: INFO/ForkPoolWorker-1] Page No: 38 | free_floating_date_sentence: None"
1623181066819,"[2021-06-08 19:37:46,819: INFO/ForkPoolWorker-1] Page No: 38 | Assigning last_encounter as dos: 01/04/2020"
1623181066819,"[2021-06-08 19:37:46,819: INFO/ForkPoolWorker-1] Page No: 39 | Initiate dos extraction"
1623181066820,"[2021-06-08 19:37:46,819: INFO/ForkPoolWorker-1] Page No: 39 | Check for free floating date"
1623181066820,"[2021-06-08 19:37:46,820: INFO/ForkPoolWorker-1] Page No: 39 | Assigning last_encounter as dos: 01/04/2020"
1623181066820,"[2021-06-08 19:37:46,820: INFO/ForkPoolWorker-1] Page No: 40 | Initiate dos extraction"
1623181066820,"[2021-06-08 19:37:46,820: INFO/ForkPoolWorker-1] Page No: 40 | Check for free floating date"
1623181066820,"[2021-06-08 19:37:46,820: INFO/ForkPoolWorker-1] Page No: 40 | Assigning last_encounter as dos: 01/04/2020"
1623181066820,"[2021-06-08 19:37:46,820: INFO/ForkPoolWorker-1] Page No: 41 | Initiate dos extraction"
1623181066820,"[2021-06-08 19:37:46,820: INFO/ForkPoolWorker-1] Page No: 41 | Check for free floating date"
1623181066820,"[2021-06-08 19:37:46,820: INFO/ForkPoolWorker-1] Page No: 41 | Assigning last_encounter as dos: 01/04/2020"
1623181066820,"[2021-06-08 19:37:46,820: INFO/ForkPoolWorker-1] Page No: 42 | Initiate dos extraction"
1623181066821,"[2021-06-08 19:37:46,821: INFO/ForkPoolWorker-1] Page No: 42 | Check for free floating date"
1623181066821,"[2021-06-08 19:37:46,821: INFO/ForkPoolWorker-1] Page No: 42 | Assigning last_encounter as dos: 01/04/2020"
1623181066821,"[2021-06-08 19:37:46,821: INFO/ForkPoolWorker-1] Page No: 43 | Initiate dos extraction"
1623181066821,"[2021-06-08 19:37:46,821: INFO/ForkPoolWorker-1] Page No: 43 | Check for free floating date"
1623181066821,"[2021-06-08 19:37:46,821: INFO/ForkPoolWorker-1] Page No: 43 | Assigning last_encounter as dos: 01/04/2020"
1623181066821,"[2021-06-08 19:37:46,821: INFO/ForkPoolWorker-1] Page No: 44 | Initiate dos extraction"
1623181066822,"[2021-06-08 19:37:46,822: INFO/ForkPoolWorker-1] Page No: 44 | Check for free floating date"
1623181066822,"[2021-06-08 19:37:46,822: INFO/ForkPoolWorker-1] Page No: 44 | Assigning last_encounter as dos: 01/04/2020"
1623181066822,"[2021-06-08 19:37:46,822: INFO/ForkPoolWorker-1] Page No: 45 | Initiate dos extraction"
1623181066822,"[2021-06-08 19:37:46,822: INFO/ForkPoolWorker-1] Page No: 45 | Check for free floating date"
1623181066823,"[2021-06-08 19:37:46,823: INFO/ForkPoolWorker-1] Page No: 45 | Assigning last_encounter as dos: 01/04/2020"
1623181066823,"[2021-06-08 19:37:46,823: INFO/ForkPoolWorker-1] Page No: 46 | Initiate dos extraction"
1623181066823,"[2021-06-08 19:37:46,823: INFO/ForkPoolWorker-1] Page No: 46 | Check for free floating date"
1623181066823,"[2021-06-08 19:37:46,823: INFO/ForkPoolWorker-1] Page No: 46 | Assigning last_encounter as dos: 01/04/2020"
1623181066823,"[2021-06-08 19:37:46,823: INFO/ForkPoolWorker-1] Page No: 47 | Initiate dos extraction"
1623181066823,"[2021-06-08 19:37:46,823: INFO/ForkPoolWorker-1] Page No: 47 | Check for free floating date"
1623181066823,"[2021-06-08 19:37:46,823: INFO/ForkPoolWorker-1] Page No: 47 | Assigning last_encounter as dos: 01/04/2020"
1623181066823,"[2021-06-08 19:37:46,823: INFO/ForkPoolWorker-1] Page No: 48 | Initiate dos extraction"
1623181066824,"[2021-06-08 19:37:46,824: INFO/ForkPoolWorker-1] Page No: 48 | Check for free floating date"
1623181066824,"[2021-06-08 19:37:46,824: INFO/ForkPoolWorker-1] Page No: 48 | Assigning last_encounter as dos: 01/04/2020"
1623181066824,"[2021-06-08 19:37:46,824: INFO/ForkPoolWorker-1] Page No: 49 | Initiate dos extraction"
1623181066825,"[2021-06-08 19:37:46,825: INFO/ForkPoolWorker-1] Page No: 49 | Check for free floating date"
1623181066825,"[2021-06-08 19:37:46,825: INFO/ForkPoolWorker-1] Page No: 49 | Found Header: history of present"
1623181066826,"[2021-06-08 19:37:46,826: INFO/ForkPoolWorker-1] Page No: 49 | dates1: ['15 meg-21', '09/26/1924', '06/09/2020', '07/07/20']"
1623181066826,"[2021-06-08 19:37:46,826: INFO/ForkPoolWorker-1] Page No: 49 | dates2: ['15 meg-21', '06/09/2020', '07/07/20']"
1623181066826,"[2021-06-08 19:37:46,826: INFO/ForkPoolWorker-1] Page No: 49 | free_floating_date_sentence: 06/09/2020"
1623181066827,"[2021-06-08 19:37:46,827: INFO/ForkPoolWorker-1] Page No: 49 | Got dos from header_section: 06/09/2020 | header: history of present"
1623181066827,"[2021-06-08 19:37:46,827: INFO/ForkPoolWorker-1] Page No: 50 | Initiate dos extraction"
1623181066828,"[2021-06-08 19:37:46,828: INFO/ForkPoolWorker-1] Page No: 50 | Check for free floating date"
1623181066828,"[2021-06-08 19:37:46,828: INFO/ForkPoolWorker-1] Page No: 50 | Assigning last_encounter as dos: 06/09/2020"
1623181066828,"[2021-06-08 19:37:46,828: INFO/ForkPoolWorker-1] Page No: 51 | Initiate dos extraction"
1623181066828,"[2021-06-08 19:37:46,828: INFO/ForkPoolWorker-1] Page No: 51 | Check for free floating date"
1623181066828,"[2021-06-08 19:37:46,828: INFO/ForkPoolWorker-1] Page No: 51 | Assigning last_encounter as dos: 06/09/2020"
1623181066828,"[2021-06-08 19:37:46,828: INFO/ForkPoolWorker-1] Page No: 52 | Initiate dos extraction"
1623181066829,"[2021-06-08 19:37:46,829: INFO/ForkPoolWorker-1] Page No: 52 | Check for free floating date"
1623181066830,"[2021-06-08 19:37:46,830: INFO/ForkPoolWorker-1] Page No: 52 | Found Header: history of present"
1623181066830,"[2021-06-08 19:37:46,830: INFO/ForkPoolWorker-1] Page No: 52 | dates1: ['09/26/1924', '06/01/2020']"
1623181066830,"[2021-06-08 19:37:46,830: INFO/ForkPoolWorker-1] Page No: 52 | dates2: ['06/01/2020']"
1623181066830,"[2021-06-08 19:37:46,830: INFO/ForkPoolWorker-1] Page No: 52 | free_floating_date_sentence: 06/01/2020"
1623181066831,"[2021-06-08 19:37:46,831: INFO/ForkPoolWorker-1] Page No: 52 | Got dos from header_section: 06/01/2020 | header: history of present"
1623181066831,"[2021-06-08 19:37:46,831: INFO/ForkPoolWorker-1] Page No: 53 | Initiate dos extraction"
1623181066832,"[2021-06-08 19:37:46,832: INFO/ForkPoolWorker-1] Page No: 53 | Check for free floating date"
1623181066832,"[2021-06-08 19:37:46,832: INFO/ForkPoolWorker-1] Page No: 53 | Assigning last_encounter as dos: 06/01/2020"
1623181066832,"[2021-06-08 19:37:46,832: INFO/ForkPoolWorker-1] Page No: 54 | Initiate dos extraction"
1623181066833,"[2021-06-08 19:37:46,833: INFO/ForkPoolWorker-1] Page No: 54 | Check for free floating date"
1623181066833,"[2021-06-08 19:37:46,833: INFO/ForkPoolWorker-1] Page No: 54 | Assigning last_encounter as dos: 06/01/2020"
1623181066833,"[2021-06-08 19:37:46,833: INFO/ForkPoolWorker-1] Page No: 55 | Initiate dos extraction"
1623181066833,"[2021-06-08 19:37:46,833: INFO/ForkPoolWorker-1] Page No: 55 | Check for free floating date"
1623181066833,"[2021-06-08 19:37:46,833: INFO/ForkPoolWorker-1] Page No: 55 | Assigning last_encounter as dos: 06/01/2020"
1623181066833,"[2021-06-08 19:37:46,833: INFO/ForkPoolWorker-1] Page No: 56 | Initiate dos extraction"
1623181066834,"[2021-06-08 19:37:46,834: INFO/ForkPoolWorker-1] Page No: 56 | Check for free floating date"
1623181066834,"[2021-06-08 19:37:46,834: INFO/ForkPoolWorker-1] Page No: 56 | Found Header: history of present"
1623181066835,"[2021-06-08 19:37:46,834: INFO/ForkPoolWorker-1] Page No: 56 | dates1: ['15 meg-21', '01/13/2020', '09/26/1924', '07/08/19', '1/4/20']"
1623181066835,"[2021-06-08 19:37:46,835: INFO/ForkPoolWorker-1] Page No: 56 | dates2: ['15 meg-21', '01/13/2020', '07/08/19', '1/4/20']"
1623181066835,"[2021-06-08 19:37:46,835: INFO/ForkPoolWorker-1] Page No: 56 | free_floating_date_sentence: None"
1623181066835,"[2021-06-08 19:37:46,835: INFO/ForkPoolWorker-1] Page No: 56 | Assigning last_encounter as dos: 06/01/2020"
1623181066835,"[2021-06-08 19:37:46,835: INFO/ForkPoolWorker-1] Page No: 57 | Initiate dos extraction"
1623181066835,"[2021-06-08 19:37:46,835: INFO/ForkPoolWorker-1] Page No: 57 | Check for free floating date"
1623181066835,"[2021-06-08 19:37:46,835: INFO/ForkPoolWorker-1] Page No: 57 | Assigning last_encounter as dos: 06/01/2020"
1623181066835,"[2021-06-08 19:37:46,835: INFO/ForkPoolWorker-1] Page No: 58 | Initiate dos extraction"
1623181066836,"[2021-06-08 19:37:46,836: INFO/ForkPoolWorker-1] Page No: 58 | Check for free floating date"
1623181066836,"[2021-06-08 19:37:46,836: INFO/ForkPoolWorker-1] Page No: 58 | Found Header: history of present"
1623181066837,"[2021-06-08 19:37:46,837: INFO/ForkPoolWorker-1] Page No: 58 | dates1: ['15 meg-21', '09/26/1924', '07/08/2019', '09/26/1924']"
1623181066837,"[2021-06-08 19:37:46,837: INFO/ForkPoolWorker-1] Page No: 58 | dates2: ['15 meg-21', '07/08/2019']"
1623181066837,"[2021-06-08 19:37:46,837: INFO/ForkPoolWorker-1] Page No: 58 | free_floating_date_sentence: 07/08/2019"
1623181066838,"[2021-06-08 19:37:46,837: INFO/ForkPoolWorker-1] Page No: 58 | Got dos from header_section: 07/08/2019 | header: history of present"
1623181066838,"[2021-06-08 19:37:46,838: INFO/ForkPoolWorker-1] Page No: 59 | Initiate dos extraction"
1623181066838,"[2021-06-08 19:37:46,838: INFO/ForkPoolWorker-1] Page No: 59 | Check for free floating date"
1623181066839,"[2021-06-08 19:37:46,838: INFO/ForkPoolWorker-1] Page No: 59 | Assigning last_encounter as dos: 07/08/2019"
1623181066839,"[2021-06-08 19:37:46,839: INFO/ForkPoolWorker-1] Page No: 60 | Initiate dos extraction"
1623181066840,"[2021-06-08 19:37:46,839: INFO/ForkPoolWorker-1] Page No: 60 | Check for free floating date"
1623181066840,"[2021-06-08 19:37:46,840: INFO/ForkPoolWorker-1] Page No: 60 | Found Header: history of present"
1623181066840,"[2021-06-08 19:37:46,840: INFO/ForkPoolWorker-1] Page No: 60 | dates1: ['15 meg-21', '09/26/1924', '03/26/2019', '09/10/18']"
1623181066840,"[2021-06-08 19:37:46,840: INFO/ForkPoolWorker-1] Page No: 60 | dates2: ['15 meg-21', '03/26/2019', '09/10/18']"
1623181066840,"[2021-06-08 19:37:46,840: INFO/ForkPoolWorker-1] Page No: 60 | free_floating_date_sentence: 03/26/2019"
1623181066841,"[2021-06-08 19:37:46,841: INFO/ForkPoolWorker-1] Page No: 60 | Got dos from header_section: 03/26/2019 | header: history of present"
1623181066841,"[2021-06-08 19:37:46,841: INFO/ForkPoolWorker-1] Page No: 61 | Initiate dos extraction"
1623181066842,"[2021-06-08 19:37:46,842: INFO/ForkPoolWorker-1] Page No: 61 | Check for free floating date"
1623181066842,"[2021-06-08 19:37:46,842: INFO/ForkPoolWorker-1] Page No: 61 | Assigning last_encounter as dos: 03/26/2019"
1623181066842,"[2021-06-08 19:37:46,842: INFO/ForkPoolWorker-1] Page No: 62 | Initiate dos extraction"
1623181066842,"[2021-06-08 19:37:46,842: INFO/ForkPoolWorker-1] Page No: 62 | Check for free floating date"
1623181066842,"[2021-06-08 19:37:46,842: INFO/ForkPoolWorker-1] Page No: 62 | Assigning last_encounter as dos: 03/26/2019"
1623181066842,"[2021-06-08 19:37:46,842: INFO/ForkPoolWorker-1] Page No: 63 | Initiate dos extraction"
1623181066842,"[2021-06-08 19:37:46,842: INFO/ForkPoolWorker-1] Page No: 63 | Check for free floating date"
1623181066842,"[2021-06-08 19:37:46,842: INFO/ForkPoolWorker-1] Page No: 63 | Assigning last_encounter as dos: 03/26/2019"
1623181066842,"[2021-06-08 19:37:46,842: INFO/ForkPoolWorker-1] Page No: 64 | Initiate dos extraction"
1623181066843,"[2021-06-08 19:37:46,843: INFO/ForkPoolWorker-1] Page No: 64 | Check for free floating date"
1623181066843,"[2021-06-08 19:37:46,843: INFO/ForkPoolWorker-1] Page No: 64 | Assigning last_encounter as dos: 03/26/2019"
1623181066843,"[2021-06-08 19:37:46,843: INFO/ForkPoolWorker-1] Page No: 65 | Initiate dos extraction"
1623181066843,"[2021-06-08 19:37:46,843: INFO/ForkPoolWorker-1] Page No: 65 | Check for free floating date"
1623181066843,"[2021-06-08 19:37:46,843: INFO/ForkPoolWorker-1] Page No: 65 | Assigning last_encounter as dos: 03/26/2019"
1623181066843,"[2021-06-08 19:37:46,843: INFO/ForkPoolWorker-1] Page No: 66 | Initiate dos extraction"
1623181066843,"[2021-06-08 19:37:46,843: INFO/ForkPoolWorker-1] Page No: 66 | Check for free floating date"
1623181066843,"[2021-06-08 19:37:46,843: INFO/ForkPoolWorker-1] Page No: 66 | Assigning last_encounter as dos: 03/26/2019"
1623181066843,"[2021-06-08 19:37:46,843: INFO/ForkPoolWorker-1] Page No: 67 | Initiate dos extraction"
1623181066844,"[2021-06-08 19:37:46,844: INFO/ForkPoolWorker-1] Page No: 67 | Check for free floating date"
1623181066844,"[2021-06-08 19:37:46,844: INFO/ForkPoolWorker-1] Page No: 67 | Assigning last_encounter as dos: 03/26/2019"
1623181066844,"[2021-06-08 19:37:46,844: INFO/ForkPoolWorker-1] Page No: 68 | Initiate dos extraction"
1623181066844,"[2021-06-08 19:37:46,844: INFO/ForkPoolWorker-1] Page No: 68 | Check for free floating date"
1623181066844,"[2021-06-08 19:37:46,844: INFO/ForkPoolWorker-1] Page No: 68 | Assigning last_encounter as dos: 03/26/2019"
1623181066844,"[2021-06-08 19:37:46,844: INFO/ForkPoolWorker-1] Page No: 69 | Initiate dos extraction"
1623181066844,"[2021-06-08 19:37:46,844: INFO/ForkPoolWorker-1] Page No: 69 | Check for free floating date"
1623181066844,"[2021-06-08 19:37:46,844: INFO/ForkPoolWorker-1] Page No: 69 | Assigning last_encounter as dos: 03/26/2019"
1623181066845,"[2021-06-08 19:37:46,844: INFO/ForkPoolWorker-1] Page No: 70 | Initiate dos extraction"
1623181066845,"[2021-06-08 19:37:46,845: INFO/ForkPoolWorker-1] Page No: 70 | Check for free floating date"
1623181066845,"[2021-06-08 19:37:46,845: INFO/ForkPoolWorker-1] Page No: 70 | Assigning last_encounter as dos: 03/26/2019"
1623181066845,"[2021-06-08 19:37:46,845: INFO/ForkPoolWorker-1] Page No: 71 | Initiate dos extraction"
1623181066846,"[2021-06-08 19:37:46,846: INFO/ForkPoolWorker-1] Page No: 71 | Check for free floating date"
1623181066846,"[2021-06-08 19:37:46,846: INFO/ForkPoolWorker-1] Page No: 71 | Assigning last_encounter as dos: 03/26/2019"
1623181066846,"[2021-06-08 19:37:46,846: INFO/ForkPoolWorker-1] Page No: 72 | Initiate dos extraction"
1623181066846,"[2021-06-08 19:37:46,846: INFO/ForkPoolWorker-1] Page No: 72 | Check for free floating date"
1623181066846,"[2021-06-08 19:37:46,846: INFO/ForkPoolWorker-1] Page No: 72 | Assigning last_encounter as dos: 03/26/2019"
1623181066846,"[2021-06-08 19:37:46,846: INFO/ForkPoolWorker-1] Page No: 73 | Initiate dos extraction"
1623181066847,"[2021-06-08 19:37:46,847: INFO/ForkPoolWorker-1] Page No: 73 | Check for free floating date"
1623181066847,"[2021-06-08 19:37:46,847: INFO/ForkPoolWorker-1] Page No: 73 | Assigning last_encounter as dos: 03/26/2019"
1623181066847,"[2021-06-08 19:37:46,847: INFO/ForkPoolWorker-1] Page No: 74 | Initiate dos extraction"
1623181066848,"[2021-06-08 19:37:46,848: INFO/ForkPoolWorker-1] Page No: 74 | Check for free floating date"
1623181066848,"[2021-06-08 19:37:46,848: INFO/ForkPoolWorker-1] Page No: 74 | Found Header: cc"
1623181066848,"[2021-06-08 19:37:46,848: INFO/ForkPoolWorker-1] Page No: 74 | Got dos from header_section: 08/02/2019 | header: cc"
1623181066849,"[2021-06-08 19:37:46,849: INFO/ForkPoolWorker-1] Page No: 75 | Initiate dos extraction"
1623181066849,"[2021-06-08 19:37:46,849: INFO/ForkPoolWorker-1] Page No: 75 | Check for free floating date"
1623181066849,"[2021-06-08 19:37:46,849: INFO/ForkPoolWorker-1] Page No: 75 | Assigning last_encounter as dos: 08/02/2019"
1623181066849,"[2021-06-08 19:37:46,849: INFO/ForkPoolWorker-1] Page No: 76 | Initiate dos extraction"
1623181066849,"[2021-06-08 19:37:46,849: INFO/ForkPoolWorker-1] Page No: 76 | Check for free floating date"
1623181066849,"[2021-06-08 19:37:46,849: INFO/ForkPoolWorker-1] Page No: 76 | Assigning last_encounter as dos: 08/02/2019"
1623181066849,"[2021-06-08 19:37:46,849: INFO/ForkPoolWorker-1] Page No: 77 | Initiate dos extraction"
1623181066850,"[2021-06-08 19:37:46,850: INFO/ForkPoolWorker-1] Page No: 77 | Check for free floating date"
1623181066850,"[2021-06-08 19:37:46,850: INFO/ForkPoolWorker-1] Page No: 77 | Assigning last_encounter as dos: 08/02/2019"
1623181066850,"[2021-06-08 19:37:46,850: INFO/ForkPoolWorker-1] Page No: 78 | Initiate dos extraction"
1623181066850,"[2021-06-08 19:37:46,850: INFO/ForkPoolWorker-1] Page No: 78 | Check for free floating date"
1623181066850,"[2021-06-08 19:37:46,850: INFO/ForkPoolWorker-1] Page No: 78 | Assigning last_encounter as dos: 08/02/2019"
1623181066850,"[2021-06-08 19:37:46,850: INFO/ForkPoolWorker-1] Page No: 79 | Initiate dos extraction"
1623181066851,"[2021-06-08 19:37:46,851: INFO/ForkPoolWorker-1] Page No: 79 | Check for free floating date"
1623181066851,"[2021-06-08 19:37:46,851: INFO/ForkPoolWorker-1] Page No: 79 | Assigning last_encounter as dos: 08/02/2019"
1623181066851,"[2021-06-08 19:37:46,851: INFO/ForkPoolWorker-1] Page No: 80 | Initiate dos extraction"
1623181066851,"[2021-06-08 19:37:46,851: INFO/ForkPoolWorker-1] Page No: 80 | Check for free floating date"
1623181066851,"[2021-06-08 19:37:46,851: INFO/ForkPoolWorker-1] Page No: 80 | Assigning last_encounter as dos: 08/02/2019"
1623181066851,"[2021-06-08 19:37:46,851: INFO/ForkPoolWorker-1] Page No: 81 | Initiate dos extraction"
1623181066852,"[2021-06-08 19:37:46,852: INFO/ForkPoolWorker-1] Page No: 81 | Check for free floating date"
1623181066852,"[2021-06-08 19:37:46,852: INFO/ForkPoolWorker-1] Page No: 81 | Assigning last_encounter as dos: 08/02/2019"
1623181066852,"[2021-06-08 19:37:46,852: INFO/ForkPoolWorker-1] Page No: 82 | Initiate dos extraction"
1623181066852,"[2021-06-08 19:37:46,852: INFO/ForkPoolWorker-1] Page No: 82 | Check for free floating date"
1623181066852,"[2021-06-08 19:37:46,852: INFO/ForkPoolWorker-1] Page No: 82 | Assigning last_encounter as dos: 08/02/2019"
1623181066852,"[2021-06-08 19:37:46,852: INFO/ForkPoolWorker-1] Page No: 83 | Initiate dos extraction"
1623181066853,"[2021-06-08 19:37:46,853: INFO/ForkPoolWorker-1] Page No: 83 | Got dos from label: 01/04/2020"
1623181066853,"[2021-06-08 19:37:46,853: INFO/ForkPoolWorker-1] Page No: 84 | Initiate dos extraction"
1623181066853,"[2021-06-08 19:37:46,853: INFO/ForkPoolWorker-1] Page No: 84 | Check for free floating date"
1623181066853,"[2021-06-08 19:37:46,853: INFO/ForkPoolWorker-1] Page No: 84 | Assigning last_encounter as dos: 01/04/2020"
1623181066854,"[2021-06-08 19:37:46,853: INFO/ForkPoolWorker-1] Page No: 85 | Initiate dos extraction"
1623181066854,"[2021-06-08 19:37:46,854: INFO/ForkPoolWorker-1] Page No: 85 | Check for free floating date"
1623181066854,"[2021-06-08 19:37:46,854: INFO/ForkPoolWorker-1] Page No: 85 | Assigning last_encounter as dos: 01/04/2020"
1623181066854,"[2021-06-08 19:37:46,854: INFO/ForkPoolWorker-1] Page No: 86 | Initiate dos extraction"
1623181066855,"[2021-06-08 19:37:46,855: INFO/ForkPoolWorker-1] Page No: 86 | Check for free floating date"
1623181066855,"[2021-06-08 19:37:46,855: INFO/ForkPoolWorker-1] Page No: 86 | Assigning last_encounter as dos: 01/04/2020"
1623181066855,"[2021-06-08 19:37:46,855: INFO/ForkPoolWorker-1] Page No: 87 | Initiate dos extraction"
1623181066855,"[2021-06-08 19:37:46,855: INFO/ForkPoolWorker-1] Page No: 87 | Check for free floating date"
1623181066855,"[2021-06-08 19:37:46,855: INFO/ForkPoolWorker-1] Page No: 87 | Found Header: cc"
1623181066856,"[2021-06-08 19:37:46,856: INFO/ForkPoolWorker-1] Page No: 87 | dates1: []"
1623181066856,"[2021-06-08 19:37:46,856: INFO/ForkPoolWorker-1] Page No: 87 | dates2: []"
1623181066856,"[2021-06-08 19:37:46,856: INFO/ForkPoolWorker-1] Page No: 87 | free_floating_date_sentence: None"
1623181066856,"[2021-06-08 19:37:46,856: INFO/ForkPoolWorker-1] Page No: 87 | Assigning last_encounter as dos: 01/04/2020"
1623181066856,"[2021-06-08 19:37:46,856: INFO/ForkPoolWorker-1] Page No: 88 | Initiate dos extraction"
1623181066856,"[2021-06-08 19:37:46,856: INFO/ForkPoolWorker-1] Page No: 88 | Check for free floating date"
1623181066856,"[2021-06-08 19:37:46,856: INFO/ForkPoolWorker-1] Page No: 88 | Assigning last_encounter as dos: 01/04/2020"
1623181066856,"[2021-06-08 19:37:46,856: INFO/ForkPoolWorker-1] Page No: 89 | Initiate dos extraction"
1623181066857,"[2021-06-08 19:37:46,857: INFO/ForkPoolWorker-1] Page No: 89 | Check for free floating date"
1623181066857,"[2021-06-08 19:37:46,857: INFO/ForkPoolWorker-1] Page No: 89 | Assigning last_encounter as dos: 01/04/2020"
1623181066857,"[2021-06-08 19:37:46,857: INFO/ForkPoolWorker-1] Page No: 90 | Initiate dos extraction"
1623181066858,"[2021-06-08 19:37:46,858: INFO/ForkPoolWorker-1] Page No: 90 | Check for free floating date"
1623181066858,"[2021-06-08 19:37:46,858: INFO/ForkPoolWorker-1] Page No: 90 | Assigning last_encounter as dos: 01/04/2020"
1623181066861,"[2021-06-08 19:37:46,861: INFO/ForkPoolWorker-1] Saved system extracted encounter data to VisitNote table"
1623181066862,"[2021-06-08 19:37:46,861: INFO/ForkPoolWorker-1] Updating note_identify_status to DB"
1623181066863,"[2021-06-08 19:37:46,863: INFO/ForkPoolWorker-1] 1072530_JENNIE_FOSTER_09-26-1924_28821_12-18-2020.pdf | Finished note identification in 0.10000181198120117 seconds"
1623181066867,"[2021-06-08 19:37:46,867: INFO/ForkPoolWorker-1] Task service_note.task.process_note[cd3ea5fc-78ad-4a0a-8f6d-d50eacee18e6] succeeded in 39.34321980200002s: {'message': 'success'}"
1623181627405,"[2021-06-08 19:47:07,405: INFO/MainProcess] Received task: service_note.task.process_note[1316f76e-d3f5-4cab-87da-95cec91741f3]  "
1623181627491,"[2021-06-08 19:47:07,491: INFO/ForkPoolWorker-1] PUM000229560_GENOWEFA_PIANKA_03-09-1935_141858_12-18-2020.pdf | Start Text Correction.."
1623181628081,"[2021-06-08 19:47:08,081: INFO/MainProcess] Received task: service_note.task.process_note[047d9965-1443-4c48-968b-886ff043b301]  "
1623181628081,"[2021-06-08 19:47:08,081: INFO/MainProcess] Received task: service_note.task.process_note[da415200-a405-470f-8099-a9c905f55e13]  "
1623181629026,"[2021-06-08 19:47:09,026: INFO/MainProcess] Received task: service_note.task.process_note[86918257-8770-4df0-acba-f1a851a7e7c0]  "
1623181629026,"[2021-06-08 19:47:09,026: INFO/MainProcess] Received task: service_note.task.process_note[b1cd648d-f2c8-44fb-83e6-715803f2ec95]  "
1623181632928,"[2021-06-08 19:47:12,927: INFO/ForkPoolWorker-1] PUM000229560_GENOWEFA_PIANKA_03-09-1935_141858_12-18-2020.pdf | Finished Text Correction in 5 seconds"
1623181632932,"[2021-06-08 19:47:12,932: INFO/ForkPoolWorker-1] PUM000229560_GENOWEFA_PIANKA_03-09-1935_141858_12-18-2020.pdf | Start of note_identify"
1623181632932,"[2021-06-08 19:47:12,932: INFO/ForkPoolWorker-1] Page No: 1 | Initiate dos extraction"
1623181632933,"[2021-06-08 19:47:12,933: INFO/ForkPoolWorker-1] Page No: 1 | Check for free floating date"
1623181632933,"[2021-06-08 19:47:12,933: INFO/ForkPoolWorker-1] Page No: 1 | Assigning last_encounter as dos: "
1623181632933,"[2021-06-08 19:47:12,933: INFO/ForkPoolWorker-1] Page No: 2 | Initiate dos extraction"
1623181632933,"[2021-06-08 19:47:12,933: INFO/ForkPoolWorker-1] Page No: 2 | Check for free floating date"
1623181632933,"[2021-06-08 19:47:12,933: INFO/ForkPoolWorker-1] Page No: 2 | Assigning last_encounter as dos: "
1623181632933,"[2021-06-08 19:47:12,933: INFO/ForkPoolWorker-1] Page No: 3 | Initiate dos extraction"
1623181632933,"[2021-06-08 19:47:12,933: INFO/ForkPoolWorker-1] Page No: 3 | Check for free floating date"
1623181632933,"[2021-06-08 19:47:12,933: INFO/ForkPoolWorker-1] Page No: 3 | Assigning last_encounter as dos: "
1623181632933,"[2021-06-08 19:47:12,933: INFO/ForkPoolWorker-1] Page No: 4 | Initiate dos extraction"
1623181632934,"[2021-06-08 19:47:12,934: INFO/ForkPoolWorker-1] Page No: 4 | Check for free floating date"
1623181632934,"[2021-06-08 19:47:12,934: INFO/ForkPoolWorker-1] Page No: 4 | Assigning last_encounter as dos: "
1623181632934,"[2021-06-08 19:47:12,934: INFO/ForkPoolWorker-1] Page No: 5 | Initiate dos extraction"
1623181632935,"[2021-06-08 19:47:12,935: INFO/ForkPoolWorker-1] Page No: 5 | Check for free floating date"
1623181632935,"[2021-06-08 19:47:12,935: INFO/ForkPoolWorker-1] Page No: 5 | Assigning last_encounter as dos: "
1623181632935,"[2021-06-08 19:47:12,935: INFO/ForkPoolWorker-1] Page No: 6 | Initiate dos extraction"
1623181632935,"[2021-06-08 19:47:12,935: INFO/ForkPoolWorker-1] Page No: 6 | Check for free floating date"
1623181632935,"[2021-06-08 19:47:12,935: INFO/ForkPoolWorker-1] Page No: 6 | Assigning last_encounter as dos: "
1623181632935,"[2021-06-08 19:47:12,935: INFO/ForkPoolWorker-1] Page No: 7 | Initiate dos extraction"
1623181632936,"[2021-06-08 19:47:12,936: INFO/ForkPoolWorker-1] Page No: 7 | Got dos from label: 09/15/2020"
1623181632937,"[2021-06-08 19:47:12,937: INFO/ForkPoolWorker-1] Page No: 8 | Initiate dos extraction"
1623181632938,"[2021-06-08 19:47:12,938: INFO/ForkPoolWorker-1] Page No: 8 | Got dos from label: 09/15/2020"
1623181632938,"[2021-06-08 19:47:12,938: INFO/ForkPoolWorker-1] Page No: 9 | Initiate dos extraction"
1623181632939,"[2021-06-08 19:47:12,939: INFO/ForkPoolWorker-1] Page No: 9 | Got dos from label: 12/06/2019"
1623181632939,"[2021-06-08 19:47:12,939: INFO/ForkPoolWorker-1] Page No: 10 | Initiate dos extraction"
1623181632940,"[2021-06-08 19:47:12,940: INFO/ForkPoolWorker-1] Page No: 10 | Got dos from label: 10/14/2019"
1623181632941,"[2021-06-08 19:47:12,941: INFO/ForkPoolWorker-1] Page No: 11 | Initiate dos extraction"
1623181632942,"[2021-06-08 19:47:12,941: INFO/ForkPoolWorker-1] Page No: 11 | Got dos from label: 10/14/2019"
1623181632942,"[2021-06-08 19:47:12,942: INFO/ForkPoolWorker-1] Page No: 12 | Initiate dos extraction"
1623181632943,"[2021-06-08 19:47:12,943: INFO/ForkPoolWorker-1] Page No: 12 | Got dos from label: 04/04/2019"
1623181632943,"[2021-06-08 19:47:12,943: INFO/ForkPoolWorker-1] Page No: 13 | Initiate dos extraction"
1623181632944,"[2021-06-08 19:47:12,944: INFO/ForkPoolWorker-1] Page No: 13 | Got dos from label: 04/04/2019"
1623181632948,"[2021-06-08 19:47:12,948: INFO/ForkPoolWorker-1] Saved system extracted encounter data to VisitNote table"
1623181632948,"[2021-06-08 19:47:12,948: INFO/ForkPoolWorker-1] Updating note_identify_status to DB"
1623181632949,"[2021-06-08 19:47:12,949: INFO/ForkPoolWorker-1] PUM000229560_GENOWEFA_PIANKA_03-09-1935_141858_12-18-2020.pdf | Finished note identification in 0.017009258270263672 seconds"
1623181632953,"[2021-06-08 19:47:12,953: INFO/ForkPoolWorker-1] Task service_note.task.process_note[1316f76e-d3f5-4cab-87da-95cec91741f3] succeeded in 5.477525528999649s: {'message': 'success'}"
1623181632970,"[2021-06-08 19:47:12,970: INFO/ForkPoolWorker-1] 326902_DAVID_SIMMERER_11-16-1935_5397_12-18-2020.pdf | Start Text Correction.."
1623181633156,"[2021-06-08 19:47:13,156: INFO/MainProcess] Received task: service_note.task.process_note[c6725dc6-3bd0-4b85-9cca-efc623edb839]  "
1623181646514,"[2021-06-08 19:47:26,514: INFO/ForkPoolWorker-1] 326902_DAVID_SIMMERER_11-16-1935_5397_12-18-2020.pdf | Finished Text Correction in 13 seconds"
1623181646525,"[2021-06-08 19:47:26,525: INFO/ForkPoolWorker-1] 326902_DAVID_SIMMERER_11-16-1935_5397_12-18-2020.pdf | Start of note_identify"
1623181646525,"[2021-06-08 19:47:26,525: INFO/ForkPoolWorker-1] Page No: 1 | Initiate dos extraction"
1623181646526,"[2021-06-08 19:47:26,526: INFO/ForkPoolWorker-1] Page No: 1 | Check for free floating date"
1623181646526,"[2021-06-08 19:47:26,526: INFO/ForkPoolWorker-1] Page No: 1 | Assigning last_encounter as dos: "
1623181646526,"[2021-06-08 19:47:26,526: INFO/ForkPoolWorker-1] Page No: 2 | Initiate dos extraction"
1623181646526,"[2021-06-08 19:47:26,526: INFO/ForkPoolWorker-1] Page No: 2 | Check for free floating date"
1623181646526,"[2021-06-08 19:47:26,526: INFO/ForkPoolWorker-1] Page No: 2 | Assigning last_encounter as dos: "
1623181646526,"[2021-06-08 19:47:26,526: INFO/ForkPoolWorker-1] Page No: 3 | Initiate dos extraction"
1623181646527,"[2021-06-08 19:47:26,527: INFO/ForkPoolWorker-1] Page No: 3 | Check for free floating date"
1623181646527,"[2021-06-08 19:47:26,527: INFO/ForkPoolWorker-1] Page No: 3 | Assigning last_encounter as dos: "
1623181646527,"[2021-06-08 19:47:26,527: INFO/ForkPoolWorker-1] Page No: 4 | Initiate dos extraction"
1623181646527,"[2021-06-08 19:47:26,527: INFO/ForkPoolWorker-1] Page No: 4 | Check for free floating date"
1623181646527,"[2021-06-08 19:47:26,527: INFO/ForkPoolWorker-1] Page No: 4 | Assigning last_encounter as dos: "
1623181646527,"[2021-06-08 19:47:26,527: INFO/ForkPoolWorker-1] Page No: 5 | Initiate dos extraction"
1623181646528,"[2021-06-08 19:47:26,528: INFO/ForkPoolWorker-1] Page No: 5 | Check for free floating date"
1623181646528,"[2021-06-08 19:47:26,528: INFO/ForkPoolWorker-1] Page No: 5 | Assigning last_encounter as dos: "
1623181646528,"[2021-06-08 19:47:26,528: INFO/ForkPoolWorker-1] Page No: 6 | Initiate dos extraction"
1623181646530,"[2021-06-08 19:47:26,530: INFO/ForkPoolWorker-1] Page No: 6 | Check for free floating date"
1623181646530,"[2021-06-08 19:47:26,530: INFO/ForkPoolWorker-1] Page No: 6 | Found Header: hpi"
1623181646530,"[2021-06-08 19:47:26,530: INFO/ForkPoolWorker-1] Page No: 6 | dates1: []"
1623181646530,"[2021-06-08 19:47:26,530: INFO/ForkPoolWorker-1] Page No: 6 | dates2: []"
1623181646531,"[2021-06-08 19:47:26,531: INFO/ForkPoolWorker-1] Page No: 6 | free_floating_date_sentence: None"
1623181646531,"[2021-06-08 19:47:26,531: INFO/ForkPoolWorker-1] Page No: 6 | Assigning last_encounter as dos: "
1623181646531,"[2021-06-08 19:47:26,531: INFO/ForkPoolWorker-1] Page No: 7 | Initiate dos extraction"
1623181646532,"[2021-06-08 19:47:26,532: INFO/ForkPoolWorker-1] Page No: 7 | Check for free floating date"
1623181646533,"[2021-06-08 19:47:26,533: INFO/ForkPoolWorker-1] Page No: 7 | Found Header: chief complaint"
1623181646533,"[2021-06-08 19:47:26,533: INFO/ForkPoolWorker-1] Page No: 7 | dates1: []"
1623181646533,"[2021-06-08 19:47:26,533: INFO/ForkPoolWorker-1] Page No: 7 | dates2: []"
1623181646533,"[2021-06-08 19:47:26,533: INFO/ForkPoolWorker-1] Page No: 7 | free_floating_date_sentence: None"
1623181646533,"[2021-06-08 19:47:26,533: INFO/ForkPoolWorker-1] Page No: 7 | Assigning last_encounter as dos: "
1623181646533,"[2021-06-08 19:47:26,533: INFO/ForkPoolWorker-1] Page No: 8 | Initiate dos extraction"
1623181646535,"[2021-06-08 19:47:26,535: INFO/ForkPoolWorker-1] Page No: 8 | Check for free floating date"
1623181646535,"[2021-06-08 19:47:26,535: INFO/ForkPoolWorker-1] Page No: 8 | Found Header: cc"
1623181646537,"[2021-06-08 19:47:26,537: INFO/ForkPoolWorker-1] Page No: 8 | dates1: []"
1623181646537,"[2021-06-08 19:47:26,537: INFO/ForkPoolWorker-1] Page No: 8 | dates2: []"
1623181646538,"[2021-06-08 19:47:26,538: INFO/ForkPoolWorker-1] Page No: 8 | free_floating_date_sentence: None"
1623181646538,"[2021-06-08 19:47:26,538: INFO/ForkPoolWorker-1] Page No: 8 | Assigning last_encounter as dos: "
1623181646538,"[2021-06-08 19:47:26,538: INFO/ForkPoolWorker-1] Page No: 9 | Initiate dos extraction"
1623181646540,"[2021-06-08 19:47:26,539: INFO/ForkPoolWorker-1] Page No: 9 | Check for free floating date"
1623181646540,"[2021-06-08 19:47:26,540: INFO/ForkPoolWorker-1] Page No: 9 | Found Header: chief complaint"
1623181646541,"[2021-06-08 19:47:26,541: INFO/ForkPoolWorker-1] Page No: 9 | dates1: []"
1623181646541,"[2021-06-08 19:47:26,541: INFO/ForkPoolWorker-1] Page No: 9 | dates2: []"
1623181646541,"[2021-06-08 19:47:26,541: INFO/ForkPoolWorker-1] Page No: 9 | free_floating_date_sentence: None"
1623181646541,"[2021-06-08 19:47:26,541: INFO/ForkPoolWorker-1] Page No: 9 | Assigning last_encounter as dos: "
1623181646541,"[2021-06-08 19:47:26,541: INFO/ForkPoolWorker-1] Page No: 10 | Initiate dos extraction"
1623181646542,"[2021-06-08 19:47:26,542: INFO/ForkPoolWorker-1] Page No: 10 | Check for free floating date"
1623181646542,"[2021-06-08 19:47:26,542: INFO/ForkPoolWorker-1] Page No: 10 | Found Header: cc"
1623181646544,"[2021-06-08 19:47:26,544: INFO/ForkPoolWorker-1] Page No: 10 | dates1: []"
1623181646544,"[2021-06-08 19:47:26,544: INFO/ForkPoolWorker-1] Page No: 10 | dates2: []"
1623181646545,"[2021-06-08 19:47:26,545: INFO/ForkPoolWorker-1] Page No: 10 | free_floating_date_sentence: None"
1623181646545,"[2021-06-08 19:47:26,545: INFO/ForkPoolWorker-1] Page No: 10 | Assigning last_encounter as dos: "
1623181646545,"[2021-06-08 19:47:26,545: INFO/ForkPoolWorker-1] Page No: 11 | Initiate dos extraction"
1623181646546,"[2021-06-08 19:47:26,546: INFO/ForkPoolWorker-1] Page No: 11 | Check for free floating date"
1623181646547,"[2021-06-08 19:47:26,547: INFO/ForkPoolWorker-1] Page No: 11 | Found Header: chief complaint"
1623181646547,"[2021-06-08 19:47:26,547: INFO/ForkPoolWorker-1] Page No: 11 | dates1: []"
1623181646547,"[2021-06-08 19:47:26,547: INFO/ForkPoolWorker-1] Page No: 11 | dates2: []"
1623181646547,"[2021-06-08 19:47:26,547: INFO/ForkPoolWorker-1] Page No: 11 | free_floating_date_sentence: None"
1623181646547,"[2021-06-08 19:47:26,547: INFO/ForkPoolWorker-1] Page No: 11 | Assigning last_encounter as dos: "
1623181646547,"[2021-06-08 19:47:26,547: INFO/ForkPoolWorker-1] Page No: 12 | Initiate dos extraction"
1623181646548,"[2021-06-08 19:47:26,548: INFO/ForkPoolWorker-1] Page No: 12 | Check for free floating date"
1623181646548,"[2021-06-08 19:47:26,548: INFO/ForkPoolWorker-1] Page No: 12 | Assigning last_encounter as dos: "
1623181646548,"[2021-06-08 19:47:26,548: INFO/ForkPoolWorker-1] Page No: 13 | Initiate dos extraction"
1623181646549,"[2021-06-08 19:47:26,549: INFO/ForkPoolWorker-1] Page No: 13 | Check for free floating date"
1623181646549,"[2021-06-08 19:47:26,549: INFO/ForkPoolWorker-1] Page No: 13 | Found Header: history of present"
1623181646549,"[2021-06-08 19:47:26,549: INFO/ForkPoolWorker-1] Page No: 13 | dates1: ['11/16/1935', '11/06/2019']"
1623181646549,"[2021-06-08 19:47:26,549: INFO/ForkPoolWorker-1] Page No: 13 | dates2: ['11/06/2019']"
1623181646549,"[2021-06-08 19:47:26,549: INFO/ForkPoolWorker-1] Page No: 13 | free_floating_date_sentence: None"
1623181646549,"[2021-06-08 19:47:26,549: INFO/ForkPoolWorker-1] Page No: 13 | Assigning last_encounter as dos: "
1623181646549,"[2021-06-08 19:47:26,549: INFO/ForkPoolWorker-1] Page No: 14 | Initiate dos extraction"
1623181646550,"[2021-06-08 19:47:26,550: INFO/ForkPoolWorker-1] Page No: 14 | Check for free floating date"
1623181646550,"[2021-06-08 19:47:26,550: INFO/ForkPoolWorker-1] Page No: 14 | Assigning last_encounter as dos: "
1623181646550,"[2021-06-08 19:47:26,550: INFO/ForkPoolWorker-1] Page No: 15 | Initiate dos extraction"
1623181646550,"[2021-06-08 19:47:26,550: INFO/ForkPoolWorker-1] Page No: 15 | Check for free floating date"
1623181646551,"[2021-06-08 19:47:26,551: INFO/ForkPoolWorker-1] Page No: 15 | Assigning last_encounter as dos: "
1623181646551,"[2021-06-08 19:47:26,551: INFO/ForkPoolWorker-1] Page No: 16 | Initiate dos extraction"
1623181646551,"[2021-06-08 19:47:26,551: INFO/ForkPoolWorker-1] Page No: 16 | Check for free floating date"
1623181646551,"[2021-06-08 19:47:26,551: INFO/ForkPoolWorker-1] Page No: 16 | Assigning last_encounter as dos: "
1623181646551,"[2021-06-08 19:47:26,551: INFO/ForkPoolWorker-1] Page No: 17 | Initiate dos extraction"
1623181646551,"[2021-06-08 19:47:26,551: INFO/ForkPoolWorker-1] Page No: 17 | Check for free floating date"
1623181646551,"[2021-06-08 19:47:26,551: INFO/ForkPoolWorker-1] Page No: 17 | Assigning last_encounter as dos: "
1623181646551,"[2021-06-08 19:47:26,551: INFO/ForkPoolWorker-1] Page No: 18 | Initiate dos extraction"
1623181646551,"[2021-06-08 19:47:26,551: INFO/ForkPoolWorker-1] Page No: 18 | Check for free floating date"
1623181646552,"[2021-06-08 19:47:26,551: INFO/ForkPoolWorker-1] Page No: 18 | Assigning last_encounter as dos: "
1623181646552,"[2021-06-08 19:47:26,552: INFO/ForkPoolWorker-1] Page No: 19 | Initiate dos extraction"
1623181646552,"[2021-06-08 19:47:26,552: INFO/ForkPoolWorker-1] Page No: 19 | Check for free floating date"
1623181646552,"[2021-06-08 19:47:26,552: INFO/ForkPoolWorker-1] Page No: 19 | Assigning last_encounter as dos: "
1623181646552,"[2021-06-08 19:47:26,552: INFO/ForkPoolWorker-1] Page No: 20 | Initiate dos extraction"
1623181646552,"[2021-06-08 19:47:26,552: INFO/ForkPoolWorker-1] Page No: 20 | Check for free floating date"
1623181646552,"[2021-06-08 19:47:26,552: INFO/ForkPoolWorker-1] Page No: 20 | Assigning last_encounter as dos: "
1623181646552,"[2021-06-08 19:47:26,552: INFO/ForkPoolWorker-1] Page No: 21 | Initiate dos extraction"
1623181646552,"[2021-06-08 19:47:26,552: INFO/ForkPoolWorker-1] Page No: 21 | Check for free floating date"
1623181646552,"[2021-06-08 19:47:26,552: INFO/ForkPoolWorker-1] Page No: 21 | Assigning last_encounter as dos: "
1623181646552,"[2021-06-08 19:47:26,552: INFO/ForkPoolWorker-1] Page No: 22 | Initiate dos extraction"
1623181646552,"[2021-06-08 19:47:26,552: INFO/ForkPoolWorker-1] Page No: 22 | Check for free floating date"
1623181646553,"[2021-06-08 19:47:26,553: INFO/ForkPoolWorker-1] Page No: 22 | Assigning last_encounter as dos: "
1623181646553,"[2021-06-08 19:47:26,553: INFO/ForkPoolWorker-1] Page No: 23 | Initiate dos extraction"
1623181646553,"[2021-06-08 19:47:26,553: INFO/ForkPoolWorker-1] Page No: 23 | Check for free floating date"
1623181646553,"[2021-06-08 19:47:26,553: INFO/ForkPoolWorker-1] Page No: 23 | Assigning last_encounter as dos: "
1623181646556,"[2021-06-08 19:47:26,556: INFO/ForkPoolWorker-1] Saved system extracted encounter data to VisitNote table"
1623181646556,"[2021-06-08 19:47:26,556: INFO/ForkPoolWorker-1] Updating note_identify_status to DB"
1623181646558,"[2021-06-08 19:47:26,557: INFO/ForkPoolWorker-1] 326902_DAVID_SIMMERER_11-16-1935_5397_12-18-2020.pdf | Finished note identification in 0.032654523849487305 seconds"
1623181646561,"[2021-06-08 19:47:26,561: INFO/ForkPoolWorker-1] Task service_note.task.process_note[047d9965-1443-4c48-968b-886ff043b301] succeeded in 13.607488465000188s: {'message': 'success'}"
1623181646590,"[2021-06-08 19:47:26,590: INFO/ForkPoolWorker-1] PUM000480444_AUDREY_SIROIS_03-23-1948_159993_02-20-2021.pdf | Start Text Correction.."
1623181647446,"[2021-06-08 19:47:27,446: INFO/MainProcess] Received task: service_note.task.process_note[56bb9ed4-e96b-4954-be77-f9fa7ac4d6d6]  "
1623181660856,"[2021-06-08 19:47:40,855: INFO/ForkPoolWorker-1] PUM000480444_AUDREY_SIROIS_03-23-1948_159993_02-20-2021.pdf | Finished Text Correction in 14 seconds"
1623181660861,"[2021-06-08 19:47:40,861: INFO/ForkPoolWorker-1] PUM000480444_AUDREY_SIROIS_03-23-1948_159993_02-20-2021.pdf | Start of note_identify"
1623181660862,"[2021-06-08 19:47:40,862: INFO/ForkPoolWorker-1] Page No: 1 | Initiate dos extraction"
1623181660862,"[2021-06-08 19:47:40,862: INFO/ForkPoolWorker-1] Page No: 1 | Check for free floating date"
1623181660863,"[2021-06-08 19:47:40,862: INFO/ForkPoolWorker-1] Page No: 1 | Assigning last_encounter as dos: "
1623181660863,"[2021-06-08 19:47:40,863: INFO/ForkPoolWorker-1] Page No: 2 | Initiate dos extraction"
1623181660863,"[2021-06-08 19:47:40,863: INFO/ForkPoolWorker-1] Page No: 2 | Check for free floating date"
1623181660863,"[2021-06-08 19:47:40,863: INFO/ForkPoolWorker-1] Page No: 2 | Assigning last_encounter as dos: "
1623181660863,"[2021-06-08 19:47:40,863: INFO/ForkPoolWorker-1] Page No: 3 | Initiate dos extraction"
1623181660863,"[2021-06-08 19:47:40,863: INFO/ForkPoolWorker-1] Page No: 3 | Check for free floating date"
1623181660863,"[2021-06-08 19:47:40,863: INFO/ForkPoolWorker-1] Page No: 3 | Assigning last_encounter as dos: "
1623181660863,"[2021-06-08 19:47:40,863: INFO/ForkPoolWorker-1] Page No: 4 | Initiate dos extraction"
1623181660864,"[2021-06-08 19:47:40,864: INFO/ForkPoolWorker-1] Page No: 4 | Check for free floating date"
1623181660864,"[2021-06-08 19:47:40,864: INFO/ForkPoolWorker-1] Page No: 4 | Assigning last_encounter as dos: "
1623181660864,"[2021-06-08 19:47:40,864: INFO/ForkPoolWorker-1] Page No: 5 | Initiate dos extraction"
1623181660865,"[2021-06-08 19:47:40,865: INFO/ForkPoolWorker-1] Page No: 5 | Check for free floating date"
1623181660865,"[2021-06-08 19:47:40,865: INFO/ForkPoolWorker-1] Page No: 5 | Assigning last_encounter as dos: "
1623181660865,"[2021-06-08 19:47:40,865: INFO/ForkPoolWorker-1] Page No: 6 | Initiate dos extraction"
1623181660865,"[2021-06-08 19:47:40,865: INFO/ForkPoolWorker-1] Page No: 6 | Check for free floating date"
1623181660865,"[2021-06-08 19:47:40,865: INFO/ForkPoolWorker-1] Page No: 6 | Assigning last_encounter as dos: "
1623181660865,"[2021-06-08 19:47:40,865: INFO/ForkPoolWorker-1] Page No: 7 | Initiate dos extraction"
1623181660865,"[2021-06-08 19:47:40,865: INFO/ForkPoolWorker-1] Page No: 7 | Check for free floating date"
1623181660865,"[2021-06-08 19:47:40,865: INFO/ForkPoolWorker-1] Page No: 7 | Assigning last_encounter as dos: "
1623181660865,"[2021-06-08 19:47:40,865: INFO/ForkPoolWorker-1] Page No: 8 | Initiate dos extraction"
1623181660867,"[2021-06-08 19:47:40,867: INFO/ForkPoolWorker-1] Page No: 8 | Got dos from label: 11/12/2019"
1623181660867,"[2021-06-08 19:47:40,867: INFO/ForkPoolWorker-1] Page No: 9 | Initiate dos extraction"
1623181660868,"[2021-06-08 19:47:40,868: INFO/ForkPoolWorker-1] Page No: 9 | Check for free floating date"
1623181660868,"[2021-06-08 19:47:40,868: INFO/ForkPoolWorker-1] Page No: 9 | Assigning last_encounter as dos: 11/12/2019"
1623181660868,"[2021-06-08 19:47:40,868: INFO/ForkPoolWorker-1] Page No: 10 | Initiate dos extraction"
1623181660869,"[2021-06-08 19:47:40,869: INFO/ForkPoolWorker-1] Page No: 10 | Check for free floating date"
1623181660869,"[2021-06-08 19:47:40,869: INFO/ForkPoolWorker-1] Page No: 10 | Found Header: hpi"
1623181660869,"[2021-06-08 19:47:40,869: INFO/ForkPoolWorker-1] Page No: 10 | Got dos from header_section: 11/30/2018 | header: hpi"
1623181660870,"[2021-06-08 19:47:40,870: INFO/ForkPoolWorker-1] Page No: 11 | Initiate dos extraction"
1623181660871,"[2021-06-08 19:47:40,871: INFO/ForkPoolWorker-1] Page No: 11 | Got dos from label: 09/19/2019"
1623181660871,"[2021-06-08 19:47:40,871: INFO/ForkPoolWorker-1] Page No: 12 | Initiate dos extraction"
1623181660872,"[2021-06-08 19:47:40,872: INFO/ForkPoolWorker-1] Page No: 12 | Check for free floating date"
1623181660872,"[2021-06-08 19:47:40,872: INFO/ForkPoolWorker-1] Page No: 12 | Assigning last_encounter as dos: 09/19/2019"
1623181660872,"[2021-06-08 19:47:40,872: INFO/ForkPoolWorker-1] Page No: 13 | Initiate dos extraction"
1623181660873,"[2021-06-08 19:47:40,873: INFO/ForkPoolWorker-1] Page No: 13 | Check for free floating date"
1623181660873,"[2021-06-08 19:47:40,873: INFO/ForkPoolWorker-1] Page No: 13 | Assigning last_encounter as dos: 09/19/2019"
1623181660873,"[2021-06-08 19:47:40,873: INFO/ForkPoolWorker-1] Page No: 14 | Initiate dos extraction"
1623181660874,"[2021-06-08 19:47:40,873: INFO/ForkPoolWorker-1] Page No: 14 | Check for free floating date"
1623181660874,"[2021-06-08 19:47:40,874: INFO/ForkPoolWorker-1] Page No: 14 | Found Header: hpi"
1623181660874,"[2021-06-08 19:47:40,874: INFO/ForkPoolWorker-1] Page No: 14 | dates1: ['03/23/1948', '02/21/2018', '03/28/2016', '11/18/2015', '09/01/2016', '03/28/2016']"
1623181660874,"[2021-06-08 19:47:40,874: INFO/ForkPoolWorker-1] Page No: 14 | dates2: ['02/21/2018', '03/28/2016', '11/18/2015', '09/01/2016', '03/28/2016']"
1623181660874,"[2021-06-08 19:47:40,874: INFO/ForkPoolWorker-1] Page No: 14 | free_floating_date_sentence: None"
1623181660874,"[2021-06-08 19:47:40,874: INFO/ForkPoolWorker-1] Page No: 14 | Assigning last_encounter as dos: 09/19/2019"
1623181660874,"[2021-06-08 19:47:40,874: INFO/ForkPoolWorker-1] Page No: 15 | Initiate dos extraction"
1623181660875,"[2021-06-08 19:47:40,875: INFO/ForkPoolWorker-1] Page No: 15 | Check for free floating date"
1623181660875,"[2021-06-08 19:47:40,875: INFO/ForkPoolWorker-1] Page No: 15 | Assigning last_encounter as dos: 09/19/2019"
1623181660875,"[2021-06-08 19:47:40,875: INFO/ForkPoolWorker-1] Page No: 16 | Initiate dos extraction"
1623181660875,"[2021-06-08 19:47:40,875: INFO/ForkPoolWorker-1] Page No: 16 | Check for free floating date"
1623181660875,"[2021-06-08 19:47:40,875: INFO/ForkPoolWorker-1] Page No: 16 | Assigning last_encounter as dos: 09/19/2019"
1623181660875,"[2021-06-08 19:47:40,875: INFO/ForkPoolWorker-1] Page No: 17 | Initiate dos extraction"
1623181660877,"[2021-06-08 19:47:40,877: INFO/ForkPoolWorker-1] Page No: 17 | Got dos from label: 01/05/2016"
1623181660878,"[2021-06-08 19:47:40,878: INFO/ForkPoolWorker-1] Page No: 18 | Initiate dos extraction"
1623181660878,"[2021-06-08 19:47:40,878: INFO/ForkPoolWorker-1] Page No: 18 | Check for free floating date"
1623181660878,"[2021-06-08 19:47:40,878: INFO/ForkPoolWorker-1] Page No: 18 | Assigning last_encounter as dos: 01/05/2016"
1623181660878,"[2021-06-08 19:47:40,878: INFO/ForkPoolWorker-1] Page No: 19 | Initiate dos extraction"
1623181660878,"[2021-06-08 19:47:40,878: INFO/ForkPoolWorker-1] Page No: 19 | Check for free floating date"
1623181660878,"[2021-06-08 19:47:40,878: INFO/ForkPoolWorker-1] Page No: 19 | Assigning last_encounter as dos: 01/05/2016"
1623181660879,"[2021-06-08 19:47:40,878: INFO/ForkPoolWorker-1] Page No: 20 | Initiate dos extraction"
1623181660879,"[2021-06-08 19:47:40,879: INFO/ForkPoolWorker-1] Page No: 20 | Got dos from label: 09/21/2019"
1623181660880,"[2021-06-08 19:47:40,880: INFO/ForkPoolWorker-1] Page No: 21 | Initiate dos extraction"
1623181660880,"[2021-06-08 19:47:40,880: INFO/ForkPoolWorker-1] Page No: 21 | Got dos from label: 09/20/2019"
1623181660881,"[2021-06-08 19:47:40,881: INFO/ForkPoolWorker-1] Page No: 22 | Initiate dos extraction"
1623181660881,"[2021-06-08 19:47:40,881: INFO/ForkPoolWorker-1] Page No: 22 | Check for free floating date"
1623181660881,"[2021-06-08 19:47:40,881: INFO/ForkPoolWorker-1] Page No: 22 | Assigning last_encounter as dos: 09/20/2019"
1623181660881,"[2021-06-08 19:47:40,881: INFO/ForkPoolWorker-1] Page No: 23 | Initiate dos extraction"
1623181660881,"[2021-06-08 19:47:40,881: INFO/ForkPoolWorker-1] Page No: 23 | Check for free floating date"
1623181660882,"[2021-06-08 19:47:40,882: INFO/ForkPoolWorker-1] Page No: 23 | Assigning last_encounter as dos: 09/20/2019"
1623181660882,"[2021-06-08 19:47:40,882: INFO/ForkPoolWorker-1] Page No: 24 | Initiate dos extraction"
1623181660882,"[2021-06-08 19:47:40,882: INFO/ForkPoolWorker-1] Page No: 24 | Got dos from label: 01/07/2019"
1623181660883,"[2021-06-08 19:47:40,883: INFO/ForkPoolWorker-1] Page No: 25 | Initiate dos extraction"
1623181660883,"[2021-06-08 19:47:40,883: INFO/ForkPoolWorker-1] Page No: 25 | Check for free floating date"
1623181660883,"[2021-06-08 19:47:40,883: INFO/ForkPoolWorker-1] Page No: 25 | Assigning last_encounter as dos: 01/07/2019"
1623181660883,"[2021-06-08 19:47:40,883: INFO/ForkPoolWorker-1] Page No: 26 | Initiate dos extraction"
1623181660883,"[2021-06-08 19:47:40,883: INFO/ForkPoolWorker-1] Page No: 26 | Check for free floating date"
1623181660883,"[2021-06-08 19:47:40,883: INFO/ForkPoolWorker-1] Page No: 26 | Assigning last_encounter as dos: 01/07/2019"
1623181660883,"[2021-06-08 19:47:40,883: INFO/ForkPoolWorker-1] Page No: 27 | Initiate dos extraction"
1623181660884,"[2021-06-08 19:47:40,884: INFO/ForkPoolWorker-1] Page No: 27 | Check for free floating date"
1623181660884,"[2021-06-08 19:47:40,884: INFO/ForkPoolWorker-1] Page No: 27 | Assigning last_encounter as dos: 01/07/2019"
1623181660884,"[2021-06-08 19:47:40,884: INFO/ForkPoolWorker-1] Page No: 28 | Initiate dos extraction"
1623181660884,"[2021-06-08 19:47:40,884: INFO/ForkPoolWorker-1] Page No: 28 | Check for free floating date"
1623181660884,"[2021-06-08 19:47:40,884: INFO/ForkPoolWorker-1] Page No: 28 | Assigning last_encounter as dos: 01/07/2019"
1623181660887,"[2021-06-08 19:47:40,887: INFO/ForkPoolWorker-1] Saved system extracted encounter data to VisitNote table"
1623181660887,"[2021-06-08 19:47:40,887: INFO/ForkPoolWorker-1] Updating note_identify_status to DB"
1623181660889,"[2021-06-08 19:47:40,889: INFO/ForkPoolWorker-1] PUM000480444_AUDREY_SIROIS_03-23-1948_159993_02-20-2021.pdf | Finished note identification in 0.02718496322631836 seconds"
1623181660893,"[2021-06-08 19:47:40,892: INFO/ForkPoolWorker-1] Task service_note.task.process_note[da415200-a405-470f-8099-a9c905f55e13] succeeded in 14.330579283999668s: {'message': 'success'}"
1623181660911,"[2021-06-08 19:47:40,911: INFO/ForkPoolWorker-1] 65895_MARK_DIBENEDETTO_04-15-1951_59975_12-18-2020.pdf | Start Text Correction.."
1623181661468,"[2021-06-08 19:47:41,468: INFO/MainProcess] Received task: service_note.task.process_note[7169e998-848b-4d62-b385-4ac1b0ca7774]  "
1623181696713,"[2021-06-08 19:48:16,713: INFO/ForkPoolWorker-1] 65895_MARK_DIBENEDETTO_04-15-1951_59975_12-18-2020.pdf | Finished Text Correction in 35 seconds"
1623181696723,"[2021-06-08 19:48:16,723: INFO/ForkPoolWorker-1] 65895_MARK_DIBENEDETTO_04-15-1951_59975_12-18-2020.pdf | Start of note_identify"
1623181696724,"[2021-06-08 19:48:16,724: INFO/ForkPoolWorker-1] Page No: 1 | Initiate dos extraction"
1623181696725,"[2021-06-08 19:48:16,725: INFO/ForkPoolWorker-1] Page No: 1 | Check for free floating date"
1623181696725,"[2021-06-08 19:48:16,725: INFO/ForkPoolWorker-1] Page No: 1 | Assigning last_encounter as dos: "
1623181696725,"[2021-06-08 19:48:16,725: INFO/ForkPoolWorker-1] Page No: 2 | Initiate dos extraction"
1623181696725,"[2021-06-08 19:48:16,725: INFO/ForkPoolWorker-1] Page No: 2 | Check for free floating date"
1623181696725,"[2021-06-08 19:48:16,725: INFO/ForkPoolWorker-1] Page No: 2 | Assigning last_encounter as dos: "
1623181696725,"[2021-06-08 19:48:16,725: INFO/ForkPoolWorker-1] Page No: 3 | Initiate dos extraction"
1623181696726,"[2021-06-08 19:48:16,726: INFO/ForkPoolWorker-1] Page No: 3 | Check for free floating date"
1623181696726,"[2021-06-08 19:48:16,726: INFO/ForkPoolWorker-1] Page No: 3 | Found Header: cc"
1623181696726,"[2021-06-08 19:48:16,726: INFO/ForkPoolWorker-1] Page No: 3 | Got dos from header_section: 04/12/2017 | header: cc"
1623181696727,"[2021-06-08 19:48:16,727: INFO/ForkPoolWorker-1] Page No: 4 | Initiate dos extraction"
1623181696727,"[2021-06-08 19:48:16,727: INFO/ForkPoolWorker-1] Page No: 4 | Check for free floating date"
1623181696727,"[2021-06-08 19:48:16,727: INFO/ForkPoolWorker-1] Page No: 4 | Assigning last_encounter as dos: 04/12/2017"
1623181696727,"[2021-06-08 19:48:16,727: INFO/ForkPoolWorker-1] Page No: 5 | Initiate dos extraction"
1623181696727,"[2021-06-08 19:48:16,727: INFO/ForkPoolWorker-1] Page No: 5 | Check for free floating date"